vadim 0,10
alexey 0,10
julia 0,10
vadim 1,11
alexey 1,11
julia 1,11
vadim 2,12
alexey 2,12
julia 2,12
vadim 3,13
alexey 3,13
julia 3,13
vadim 4,14
alexey 4,14
julia 4,14
vadim 5,15
alexey 5,15
julia 5,15
vadim 6,16
alexey 6,16
julia 6,16
vadim 7,17
alexey 7,17
julia 7,17
vadim 8,18
alexey 8,18
julia 8,18
vadim 9,19
alexey 9,19
julia 9,19
vadim 10,20
alexey 10,20
julia 10,20
vadim 11,21
alexey 11,21
julia 11,21
vadim 12,22
alexey 12,22
julia 12,22
vadim 13,23
alexey 13,23
julia 13,23
vadim 14,24
alexey 14,24
julia 14,24
vadim 15,25
alexey 15,25
julia 15,25
vadim 16,26
alexey 16,26
julia 16,26
vadim 17,27
alexey 17,27
julia 17,27
vadim 18,28
alexey 18,28
julia 18,28
vadim 19,29
alexey 19,29
julia 19,29
vadim 20,30
alexey 20,30
julia 20,30
vadim 21,31
alexey 21,31
julia 21,31
vadim 22,32
alexey 22,32
julia 22,32
vadim 23,33
alexey 23,33
julia 23,33
vadim 24,34
alexey 24,34
julia 24,34
vadim 25,35
alexey 25,35
julia 25,35
vadim 26,36
alexey 26,36
julia 26,36
vadim 27,37
alexey 27,37
julia 27,37
vadim 28,38
alexey 28,38
julia 28,38
vadim 29,39
alexey 29,39
julia 29,39
vadim 30,40
alexey 30,40
julia 30,40
vadim 31,41
alexey 31,41
julia 31,41
vadim 32,42
alexey 32,42
julia 32,42
vadim 33,43
alexey 33,43
julia 33,43
vadim 34,44
alexey 34,44
julia 34,44
vadim 35,45
alexey 35,45
julia 35,45
vadim 36,46
alexey 36,46
julia 36,46
vadim 37,47
alexey 37,47
julia 37,47
vadim 38,48
alexey 38,48
julia 38,48
vadim 39,49
alexey 39,49
julia 39,49
vadim 40,50
alexey 40,50
julia 40,50
vadim 41,51
alexey 41,51
julia 41,51
vadim 42,52
alexey 42,52
julia 42,52
vadim 43,53
alexey 43,53
julia 43,53
vadim 44,54
alexey 44,54
julia 44,54
vadim 45,55
alexey 45,55
julia 45,55
vadim 46,56
alexey 46,56
julia 46,56
vadim 47,57
alexey 47,57
julia 47,57
vadim 48,58
alexey 48,58
julia 48,58
vadim 49,59
alexey 49,59
julia 49,59
vadim 50,60
alexey 50,60
julia 50,60
vadim 51,61
alexey 51,61
julia 51,61
vadim 52,62
alexey 52,62
julia 52,62
vadim 53,63
alexey 53,63
julia 53,63
vadim 54,64
alexey 54,64
julia 54,64
vadim 55,65
alexey 55,65
julia 55,65
vadim 56,66
alexey 56,66
julia 56,66
vadim 57,67
alexey 57,67
julia 57,67
vadim 58,68
alexey 58,68
julia 58,68
vadim 59,69
alexey 59,69
julia 59,69
vadim 60,70
alexey 60,70
julia 60,70
vadim 61,71
alexey 61,71
julia 61,71
vadim 62,72
alexey 62,72
julia 62,72
vadim 63,73
alexey 63,73
julia 63,73
vadim 64,74
alexey 64,74
julia 64,74
vadim 65,75
alexey 65,75
julia 65,75
vadim 66,76
alexey 66,76
julia 66,76
vadim 67,77
alexey 67,77
julia 67,77
vadim 68,78
alexey 68,78
julia 68,78
vadim 69,79
alexey 69,79
julia 69,79
vadim 70,80
alexey 70,80
julia 70,80
vadim 71,81
alexey 71,81
julia 71,81
vadim 72,82
alexey 72,82
julia 72,82
vadim 73,83
alexey 73,83
julia 73,83
vadim 74,84
alexey 74,84
julia 74,84
vadim 75,85
alexey 75,85
julia 75,85
vadim 76,86
alexey 76,86
julia 76,86
vadim 77,87
alexey 77,87
julia 77,87
vadim 78,88
alexey 78,88
julia 78,88
vadim 79,89
alexey 79,89
julia 79,89
vadim 80,90
alexey 80,90
julia 80,90
vadim 81,91
alexey 81,91
julia 81,91
vadim 82,92
alexey 82,92
julia 82,92
vadim 83,93
alexey 83,93
julia 83,93
vadim 84,94
alexey 84,94
julia 84,94
vadim 85,95
alexey 85,95
julia 85,95
vadim 86,96
alexey 86,96
julia 86,96
vadim 87,97
alexey 87,97
julia 87,97
vadim 88,98
alexey 88,98
julia 88,98
vadim 89,99
alexey 89,99
julia 89,99
vadim 90,100
alexey 90,100
julia 90,100
vadim 91,101
alexey 91,101
julia 91,101
vadim 92,102
alexey 92,102
julia 92,102
vadim 93,103
alexey 93,103
julia 93,103
vadim 94,104
alexey 94,104
julia 94,104
vadim 95,105
alexey 95,105
julia 95,105
vadim 96,106
alexey 96,106
julia 96,106
vadim 97,107
alexey 97,107
julia 97,107
vadim 98,108
alexey 98,108
julia 98,108
vadim 99,109
alexey 99,109
julia 99,109
